occupation,risk_level,automation_rate,category,description
速记员,极高,90,行政文书,语音识别技术已高度成熟 实时转写准确率超98%
印刷排版工人,极高,80,制造业,智能排版和自动化印刷流水线大幅替代人工
高速收费员,极高,85,交通运输,ETC和无感支付全面普及 岗位需求急剧下降
数据录入员,极高,85,行政文书,RPA和OCR技术可自动处理结构化数据录入
银行柜员,高,75,金融服务,智能柜台和手机银行替代90%以上柜台业务
收银员,高,75,零售服务,自助收银和无人零售技术快速普及
电话销售,高,70,营销服务,AI外呼机器人可完成标准化销售话术和客户筛选
客服代表,高,70,客户服务,智能客服处理80%以上常见问题 人工转为处理复杂case
保险核保员,高,65,金融服务,AI可自动完成风险评估和保单审核流程
会计,中高,65,财务审计,智能财税软件自动完成记账 报税和基础审计工作
初级财务人员,中高,60,财务审计,财务机器人处理报销 对账等重复性工作
翻译,中高,60,语言服务,机器翻译质量大幅提升 但文学和专业翻译仍需人工
仓储管理员,中,58,物流管理,AGV机器人和智能仓储系统替代大部分搬运和盘点工作
基础文案写手,中,55,内容创作,AIGC可生成营销文案和新闻快讯 但创意内容仍需人工
法律助理,中,50,法律服务,AI可完成合同审查和法律检索 但复杂案件分析仍需人工
证券分析师,中,50,金融服务,AI量化分析和研报生成能力提升 基础分析工作被替代
基础设计师,中,50,创意设计,AI设计工具可生成海报和UI设计 但高端创意仍需人工
初级程序员,中,45,软件开发,低代码平台和AI编程助手提升效率 减少初级开发需求
图书管理员,中,45,公共服务,智能检索和数字化管理减少传统图书馆管理需求
放射科医生,中低,40,医疗健康,AI辅助影像诊断准确率高 但最终诊断和治疗方案仍需医生
教师,低,25,教育,个性化学习平台辅助教学 但师生互动和情感教育不可替代
心理咨询师,低,20,医疗健康,人类情感理解和共情能力是AI难以替代的核心技能
护士,低,18,医疗健康,患者护理需要人际互动和临场判断 机器人仅辅助基础工作
厨师,低,15,餐饮服务,标准化快餐可自动化 但创意菜品和高端餐饮仍需人工
建筑师,低,20,建筑设计,AI辅助方案生成 但空间创意和客户沟通仍需人工
科研人员,低,15,科学研究,AI加速数据分析和文献检索 但创新性研究仍需人类主导
